[
  {
    "line": 2,
    "elements": [
      {
        "comments": [
          {
            "line": 3,
            "value": "#Create account features"
          }
        ],
        "line": 5,
        "name": "Validate Create Account",
        "description": "",
        "id": "validate-text-create-account;validate-create-account",
        "type": "scenario",
        "keyword": "Scenario",
        "steps": [
          {
            "result": {
              "duration": 31669881510,
              "status": "passed"
            },
            "line": 6,
            "name": "Go to Amazon.com",
            "match": {
              "location": "Amazon.go_to_Amazon_com()"
            },
            "keyword": "Given "
          },
          {
            "result": {
              "duration": 15117065384,
              "status": "passed"
            },
            "line": 7,
            "name": "Search for Samsung Galaxy S9 - store the price",
            "match": {
              "arguments": [
                {
                  "val": "9",
                  "offset": 27
                }
              ],
              "location": "Amazon.search_for_Samsung_Galaxy_S_store_the_price(int)"
            },
            "keyword": "When "
          },
          {
            "result": {
              "duration": 8071267931,
              "status": "passed"
            },
            "line": 8,
            "name": "Click on the First Result",
            "match": {
              "location": "Amazon.click_on_the_First_Result()"
            },
            "keyword": "Then "
          },
          {
            "result": {
              "duration": 42885914,
              "status": "passed"
            },
            "line": 9,
            "name": "Once in the details page compare this price vs the above one",
            "match": {
              "location": "Amazon.once_in_the_details_page_compare_this_price_vs_the_above_one()"
            },
            "keyword": "Then "
          },
          {
            "result": {
              "duration": 2102035264,
              "status": "passed"
            },
            "line": 10,
            "name": "Click on Add to Cart",
            "match": {
              "location": "Amazon.click_on_Add_to_Cart()"
            },
            "keyword": "Then "
          },
          {
            "result": {
              "duration": 1277061513,
              "status": "passed"
            },
            "line": 11,
            "name": "Go to Amazon main page",
            "match": {
              "location": "Amazon.go_to_Amazon_main_page()"
            },
            "keyword": "Then "
          },
          {
            "result": {
              "duration": 3052678233,
              "status": "passed"
            },
            "line": 12,
            "name": "Click on \"Your Amazon.com\" button",
            "match": {
              "arguments": [
                {
                  "val": "Your Amazon.com",
                  "offset": 10
                }
              ],
              "location": "Amazon.click_on_button(String)"
            },
            "keyword": "Then "
          },
          {
            "result": {
              "duration": 654537573,
              "status": "passed"
            },
            "line": 13,
            "name": "Click on \"Create Your Amazon Account\"",
            "match": {
              "arguments": [
                {
                  "val": "Create Your Amazon Account",
                  "offset": 10
                }
              ],
              "location": "Amazon.click_on(String)"
            },
            "keyword": "Then "
          },
          {
            "result": {
              "duration": 458369971,
              "status": "passed"
            },
            "line": 14,
            "name": "Fill all the fields and do not click on Create your Amazon account button",
            "match": {
              "location": "Amazon.fill_all_the_fields_and_do_not_click_on_Create_your_Amazon_account_button()"
            },
            "keyword": "Then "
          },
          {
            "result": {
              "duration": 32233769,
              "status": "passed"
            },
            "line": 15,
            "name": "Validate that the text is preset: \"Create account\"",
            "match": {
              "arguments": [
                {
                  "val": "Create account",
                  "offset": 35
                }
              ],
              "location": "Amazon.validate_that_the_text_is_preset(String)"
            },
            "keyword": "Then "
          }
        ]
      }
    ],
    "name": "Validate text create account",
    "description": "",
    "id": "validate-text-create-account",
    "keyword": "Feature",
    "uri": "basket.feature",
    "tags": [
      {
        "line": 1,
        "name": "@run"
      }
    ]
  }
]